id;beneficiaire;fonction;date
1;Credit Sleek Provence-Alpes-Côte;Shirt;2021-12-08
2;Fresh;a de;2021-12-09
3;Salvador Provence-Alpes-Côte;content-based;2021-12-09
4;Cotton Car optimizing;Designer SSL Savings;2021-12-08
5;recontextualize;Technicien transmitting Future-proofed;2021-12-09
6;violet Networked;Ouguiya;2021-12-08
7;encryption Secured system;Berkshire Laffitte;2021-12-09
8;Toys generate;forecast;2021-12-08
9;compress Picardie;Multi-tiered Haute-Normandie;2021-12-09
10;Outdoors;Frozen innovate;2021-12-08
